{"RL-021.jpg": [[39, 455, 44, 460, 0.31778586277178217], [112, 430, 117, 435, 0.3067404016243603], [148, 416, 153, 421, 0.2821752059019173], [156, 577, 161, 582, 0.29684342183026396], [191, 393, 196, 398, 0.316603491319207], [191, 437, 196, 442, 0.33095751470052753], [226, 277, 231, 282, 0.28603715073794905], [274, 257, 279, 262, 0.3202563715049862], [277, 453, 282, 458, 0.30158548993521966]], "RL-022.jpg": [[155, 329, 160, 334, 0.29793260974944036], [181, 473, 186, 478, 0.284523795475728], [198, 564, 203, 569, 0.3237042360470182], [233, 362, 238, 367, 0.3110461529735564], [234, 468, 239, 473, 0.28662895730807164], [276, 404, 281, 409, 0.30182682707326164]], "RL-030.jpg": [[317, 234, 322, 239, 0.30388232733394094], [320, 293, 325, 298, 0.2884309878661191], [332, 449, 337, 454, 0.29163632508409404]], "RL-034.jpg": [[313, 189, 318, 194, 0.309565446122915]], "RL-049.jpg": [[151, 317, 156, 322, 0.28319199455594957], [237, 411, 242, 416, 0.29626417477153616], [272, 561, 277, 566, 0.29148510119584586]], "RL-056.jpg": [[157, 39, 162, 44, 0.295480823399461], [232, 142, 237, 147, 0.28160037286049455]], "RL-063.jpg": [[229, 324, 234, 329, 0.31409349967506334], [301, 536, 306, 541, 0.31646523704103363], [343, 579, 348, 584, 0.3015204036178955]], "RL-066.jpg": [[252, 319, 257, 324, 0.3124723850495386], [271, 481, 276, 486, 0.3136735412999836]], "RL-072.jpg": [[51, 249, 56, 254, 0.2911231831756155], [56, 305, 61, 310, 0.286519324260953], [91, 202, 96, 207, 0.2844071110096394], [104, 310, 109, 315, 0.3248345135756041], [116, 437, 121, 442, 0.2815400313963853], [266, 289, 271, 294, 0.3003076848630007]], "RL-080.jpg": [], "RL-081.jpg": [], "RL-083.jpg": [[288, 101, 293, 106, 0.1357222371198896]], "RL-091.jpg": [[45, 128, 50, 133, 0.14027414790428108]], "RL-092.jpg": [[158, 308, 163, 313, 0.3232005893014645], [193, 216, 198, 221, 0.2830301249501466], [198, 376, 203, 381, 0.28168623157580347], [263, 429, 268, 434, 0.2824518233967088]], "RL-113.jpg": [[295, 395, 300, 400, 0.2783317556165103], [335, 258, 340, 263, 0.29274786338133013], [336, 476, 341, 481, 0.24900602882872147]], "RL-115.jpg": [[251, 346, 256, 351, 0.3149150011373681], [287, 420, 292, 425, 0.3076947240359683]], "RL-119.jpg": [[206, 169, 211, 174, 0.29035325707881504], [208, 403, 213, 408, 0.2808332604963041]], "RL-122.jpg": [[218, 478, 223, 483, 0.3264628787343037]], "RL-126.jpg": [[140, 336, 145, 341, 0.28468328968735596], [219, 364, 224, 369, 0.29484021508641906]], "RL-132.jpg": [[267, 572, 272, 577, 0.25557516887911985]], "RL-135.jpg": [[289, 236, 294, 241, 0.30388232733394094]], "RL-137.jpg": [[166, 505, 171, 510, 0.2832485822386539], [252, 416, 257, 421, 0.2845410424035478], [291, 32, 296, 37, 0.29814835037351256]], "RL-140.jpg": [[286, 307, 291, 312, 0.3152873424990484]], "RL-143.jpg": [[319, 285, 324, 290, 0.29117211616159977]], "RL-149.jpg": [[190, 317, 195, 322, 0.2731755903694298], [229, 383, 234, 388, 0.2818487445693814]], "RL-150.jpg": [[40, 76, 45, 81, 0.30357915594961976], [81, 137, 86, 142, 0.29236096351651003], [167, 81, 172, 86, 0.28545001473612636], [194, 184, 199, 189, 0.28537305288384734], [196, 418, 201, 423, 0.2974658377101962]], "RL-151.jpg": [[16, 106, 21, 111, 0.3202539391526613], [34, 144, 39, 149, 0.28171227284198314], [164, 426, 169, 431, 0.31040757237065447]], "RL-157.jpg": [[104, 510, 109, 515, 0.279963099447135], [139, 444, 144, 449, 0.2837434688207377], [285, 411, 290, 416, 0.27807306854733865], [320, 401, 325, 406, 0.27870965561499067]], "RL-158.jpg": [[6, 456, 11, 461, 0.28504302597112147], [10, 526, 15, 531, 0.32469521672396584], [178, 355, 183, 360, 0.29781346469127185], [188, 423, 193, 428, 0.3011414952208402], [244, 446, 249, 451, 0.286198342302447]], "RL-161.jpg": [[63, 202, 68, 207, 0.3033775240986223], [168, 57, 173, 62, 0.2987305022978904], [171, 106, 176, 111, 0.2890499862570514], [199, 358, 204, 363, 0.30394311852811523], [252, 242, 257, 247, 0.2975110624812956], [287, 241, 292, 246, 0.2912223245315042], [414, 400, 419, 405, 0.30493475991960284]], "RL-167.jpg": [[13, 437, 18, 442, 0.31902917944485665], [201, 298, 206, 303, 0.28802685840024417], [231, 530, 236, 535, 0.3125133265677581], [278, 59, 283, 64, 0.28199501903371454], [282, 379, 287, 384, 0.30641473770592437], [330, 300, 335, 305, 0.3156500118882189], [386, 201, 391, 206, 0.31918983014624963], [441, 293, 446, 298, 0.3009778430642623]], "RL-180.jpg": [[255, 547, 260, 552, 0.24931493278758807]], "RL-194.jpg": [], "RL-196.jpg": [[190, 274, 195, 279, 0.29991348344199054], [194, 329, 199, 334, 0.29299990319507696], [237, 410, 242, 415, 0.2872138095273993]], "RL-197.jpg": [[40, 101, 45, 106, 0.2452895522359484], [83, 14, 88, 19, 0.24097141818494236]], "RL-201.jpg": [], "RL-204.jpg": [[238, 443, 243, 448, 0.2882596805341812]], "RL-212.jpg": [[89, 269, 94, 274, 0.28333570542489284]], "RL-223.jpg": [[298, 286, 303, 291, 0.2685238469773829], [301, 356, 306, 361, 0.27156939925784485]], "RL-233.jpg": [[192, 191, 197, 196, 0.30595493734424006]], "RL-239.jpg": [[285, 231, 290, 236, 0.21771542832349308]], "RL-263.jpg": [], "RL-266.jpg": [[223, 329, 228, 334, 0.277083283991541], [280, 416, 285, 421, 0.26433658542831034]], "RL-271.jpg": [[211, 350, 216, 355, 0.3248314492271341], [255, 240, 260, 245, 0.31707656292984104], [258, 436, 263, 441, 0.2945489994571026]], "RL-295.jpg": [[252, 20, 257, 25, 0.31024141999061144]], "RL-321.jpg": [[46, 594, 51, 599, 0.29601159361604434], [156, 119, 161, 124, 0.2975176696266955], [166, 204, 171, 209, 0.31280181959750447], [201, 114, 206, 119, 0.3203043471154107], [207, 434, 212, 439, 0.29980865172759685], [248, 386, 253, 391, 0.3163397750847103], [305, 61, 310, 66, 0.3177668273580524]], "RL-324.jpg": [[14, 606, 19, 611, 0.25352096180776545], [257, 133, 262, 138, 0.2800985974294882], [294, 143, 299, 148, 0.2437397779326178], [317, 196, 322, 201, 0.24636912016290988]], "RL-326.jpg": [[213, 515, 218, 520, 0.3232921552234033], [252, 477, 257, 482, 0.2815668586850349]], "RL-329.jpg": [[193, 349, 198, 354, 0.3085594458211325], [196, 418, 201, 423, 0.3067926040081545], [241, 511, 246, 516, 0.2867920344266546], [303, 242, 308, 247, 0.3095781933568848]], "RL-332.jpg": [[227, 258, 232, 263, 0.3017079499577181], [230, 314, 235, 319, 0.29775932620901746], [272, 397, 277, 402, 0.32990508211486563]], "RL-334.jpg": [[273, 560, 278, 565, 0.33085304206179883], [309, 298, 314, 303, 0.3182629556278062], [477, 235, 482, 240, 0.32935711599347756], [479, 411, 484, 416, 0.28841837733170933]]}