{"RL-021.jpg": [[36, 458, 44, 474, 0.465151927701321], [161, 562, 169, 578, 0.5153598345308406], [161, 603, 169, 619, 0.494990859249491], [189, 442, 197, 458, 0.49114656432019027], [217, 426, 225, 442, 0.5435486219630247], [269, 258, 277, 274, 0.5099922719302737]], "RL-022.jpg": [], "RL-030.jpg": [], "RL-034.jpg": [[315, 191, 323, 207, 0.4544994282175042]], "RL-049.jpg": [[204, 417, 212, 433, 0.5199232282694785], [239, 412, 247, 428, 0.47261858491858877], [272, 580, 280, 596, 0.46402437328709234]], "RL-056.jpg": [], "RL-063.jpg": [], "RL-066.jpg": [[272, 480, 280, 496, 0.5239289486476807]], "RL-072.jpg": [], "RL-080.jpg": [], "RL-081.jpg": [[190, 430, 198, 446, 0.3733590310946028]], "RL-083.jpg": [], "RL-091.jpg": [[22, 63, 30, 79, 0.3660869387784945], [33, 102, 41, 118, 0.3865047651368278]], "RL-092.jpg": [[194, 219, 202, 235, 0.4414404133585169], [200, 378, 208, 394, 0.43295963045648006], [264, 430, 272, 446, 0.4282005144147596]], "RL-113.jpg": [], "RL-115.jpg": [[253, 347, 261, 363, 0.47006408667137806], [289, 422, 297, 438, 0.4716539451563516]], "RL-119.jpg": [[207, 170, 215, 186, 0.43907070270950876], [236, 187, 244, 203, 0.433041561436684]], "RL-122.jpg": [], "RL-126.jpg": [], "RL-132.jpg": [], "RL-135.jpg": [[288, 241, 296, 257, 0.4342123935831399]], "RL-137.jpg": [[259, 415, 267, 431, 0.5044193209700544]], "RL-140.jpg": [], "RL-143.jpg": [], "RL-149.jpg": [[231, 385, 239, 401, 0.4225229173990853]], "RL-150.jpg": [], "RL-151.jpg": [], "RL-157.jpg": [[367, 445, 375, 461, 0.4596429467063571]], "RL-158.jpg": [[245, 447, 253, 463, 0.4876619569932362]], "RL-161.jpg": [[84, 17, 92, 33, 0.4902615722883982], [255, 243, 263, 259, 0.49508158198314994], [372, 240, 380, 256, 0.4742729117957576]], "RL-167.jpg": [[15, 440, 23, 456, 0.4828863169399859], [262, 529, 270, 545, 0.4929467048762918]], "RL-180.jpg": [[256, 548, 264, 564, 0.4287886661233904]], "RL-194.jpg": [], "RL-196.jpg": [], "RL-197.jpg": [], "RL-201.jpg": [[266, 169, 274, 185, 0.4006487416938026], [268, 271, 276, 287, 0.409664576000171]], "RL-204.jpg": [[246, 254, 254, 270, 0.49629164542028953]], "RL-212.jpg": [], "RL-223.jpg": [[154, 534, 162, 550, 0.419782996740532], [198, 295, 206, 311, 0.4235842522524197], [296, 292, 304, 308, 0.43838264692430573]], "RL-233.jpg": [], "RL-239.jpg": [[277, 608, 285, 624, 0.376145714279133]], "RL-263.jpg": [], "RL-266.jpg": [], "RL-271.jpg": [[257, 241, 265, 257, 0.49623090745835263]], "RL-295.jpg": [], "RL-321.jpg": [], "RL-324.jpg": [], "RL-326.jpg": [[258, 172, 266, 188, 0.4928862802627066], [285, 457, 293, 473, 0.5144502417994125]], "RL-329.jpg": [], "RL-332.jpg": [[274, 398, 282, 414, 0.44017162169515595], [330, 189, 338, 205, 0.41075089308025886]], "RL-334.jpg": [[274, 560, 282, 576, 0.5033550711472807], [302, 401, 310, 417, 0.4905880900189258], [478, 236, 486, 252, 0.535849335601179]]}