{"RL-021.jpg": [[114, 438, 117, 441, 0.26426260344455604], [160, 572, 163, 575, 0.26401410607175074], [174, 427, 177, 430, 0.26550794604782824], [181, 397, 184, 400, 0.2661880413103342], [210, 362, 213, 365, 0.2673720314423347], [124, 424, 129, 429, 0.4391113823620951], [147, 419, 152, 424, 0.43659795641480986], [158, 574, 163, 579, 0.43667314219805564], [177, 399, 182, 404, 0.43977984389398456], [189, 440, 194, 445, 0.43837729290932054], [199, 393, 204, 398, 0.43913154452194814], [200, 423, 205, 428, 0.440335146897103], [201, 362, 206, 367, 0.4367197075361735], [209, 319, 214, 324, 0.4355530707725356], [210, 292, 215, 297, 0.43976936365134284], [270, 257, 275, 262, 0.436888866627825], [280, 452, 285, 457, 0.4374519425237222]], "RL-022.jpg": [[162, 366, 165, 369, 0.26736328694235606], [232, 461, 235, 464, 0.267237145287437], [234, 350, 237, 353, 0.2661890868483751], [238, 408, 241, 411, 0.2672644189855873], [161, 304, 166, 309, 0.43581279566467107], [205, 473, 210, 478, 0.43918826492862933], [211, 265, 216, 270, 0.43917693783221345], [213, 243, 218, 248, 0.43919120208955037], [215, 555, 220, 560, 0.43704730393072255], [238, 314, 243, 319, 0.4351348376143485], [239, 408, 244, 413, 0.4382741072969492], [275, 404, 280, 409, 0.4375740490287618]], "RL-030.jpg": [[331, 453, 336, 458, 0.4358290049858723]], "RL-034.jpg": [[313, 189, 316, 192, 0.2648720431899531], [314, 189, 319, 194, 0.43807183962212326]], "RL-049.jpg": [[272, 574, 275, 577, 0.2643181969353165], [205, 414, 210, 419, 0.43670898806930175]], "RL-056.jpg": [], "RL-063.jpg": [[301, 535, 304, 538, 0.267198874750464]], "RL-066.jpg": [[252, 318, 255, 321, 0.2673344369274045], [271, 479, 276, 484, 0.4377658832805453]], "RL-072.jpg": [], "RL-080.jpg": [], "RL-081.jpg": [], "RL-083.jpg": [], "RL-091.jpg": [], "RL-092.jpg": [], "RL-113.jpg": [], "RL-115.jpg": [[286, 420, 289, 423, 0.26442147396444154], [252, 346, 257, 351, 0.4404991374990083]], "RL-119.jpg": [], "RL-122.jpg": [[218, 477, 221, 480, 0.266685043531702], [218, 478, 223, 483, 0.43569574427418023], [226, 217, 231, 222, 0.4357469421895119]], "RL-126.jpg": [], "RL-132.jpg": [], "RL-135.jpg": [], "RL-137.jpg": [], "RL-140.jpg": [[286, 306, 291, 311, 0.437845971280887], [315, 243, 320, 248, 0.4365870631686225]], "RL-143.jpg": [], "RL-149.jpg": [[229, 222, 232, 225, 0.26730510526009704]], "RL-150.jpg": [], "RL-151.jpg": [[171, 277, 174, 280, 0.2646366689749077], [17, 105, 22, 110, 0.43566436181444246]], "RL-157.jpg": [[95, 509, 98, 512, 0.2670114799450473]], "RL-158.jpg": [[216, 407, 219, 410, 0.267353334573609]], "RL-161.jpg": [], "RL-167.jpg": [[260, 273, 263, 276, 0.2673702543480547], [282, 378, 285, 381, 0.2673687901676113], [234, 528, 239, 533, 0.43771782757547456], [260, 275, 265, 280, 0.4365262839811306], [261, 527, 266, 532, 0.44057186251929964], [386, 201, 391, 206, 0.4362683747685925], [463, 173, 468, 178, 0.43682487507103307]], "RL-180.jpg": [], "RL-194.jpg": [], "RL-196.jpg": [[223, 101, 226, 104, 0.2671597690646167]], "RL-197.jpg": [], "RL-201.jpg": [], "RL-204.jpg": [[238, 442, 241, 445, 0.26463235653097583], [245, 254, 248, 257, 0.26735976692868607], [245, 254, 250, 259, 0.4378688079676314], [266, 247, 271, 252, 0.44046536279697057]], "RL-212.jpg": [[20, 133, 23, 136, 0.2658748038802859]], "RL-223.jpg": [], "RL-233.jpg": [], "RL-239.jpg": [], "RL-263.jpg": [], "RL-266.jpg": [[223, 328, 226, 331, 0.2672318663348973]], "RL-271.jpg": [[255, 239, 258, 242, 0.2672916542369863], [256, 240, 261, 245, 0.4354300466365195]], "RL-295.jpg": [], "RL-321.jpg": [[202, 114, 207, 119, 0.43516902053544726], [207, 89, 212, 94, 0.438508165308825]], "RL-324.jpg": [], "RL-326.jpg": [[213, 514, 216, 517, 0.2673702062896156], [245, 476, 248, 479, 0.264572938144885], [283, 457, 286, 460, 0.26643262993009575], [213, 514, 218, 519, 0.4397502171692206], [243, 478, 248, 483, 0.4366554529332429], [254, 399, 259, 404, 0.43600977562964177], [257, 170, 262, 175, 0.4388700172461141]], "RL-329.jpg": [[276, 231, 279, 234, 0.2673591944992786], [304, 241, 309, 246, 0.4388132925675716]], "RL-332.jpg": [], "RL-334.jpg": [[272, 560, 275, 563, 0.2672879345138029], [287, 272, 290, 275, 0.2673695324035035], [272, 559, 277, 564, 0.4366727075035063], [286, 273, 291, 278, 0.4389003619853169], [290, 95, 295, 100, 0.43722341432566864], [298, 401, 303, 406, 0.435886691476488], [477, 235, 482, 240, 0.44074991660106305]]}